season_year,week,team_id,team_name,actual_points,optimal_points,points_left,efficiency,management_misses
2026,1,1,YSK FC,1023.0,1023.0,0.0,1.0,0
2026,1,2,Phantom Troupe,1082.0,1082.0,0.0,1.0,0
2026,1,3,Kat's Kittens,1065.0,1065.0,0.0,1.0,0
2026,1,4,SKAVALASSKKYYYY,1215.0,1215.0,0.0,1.0,0
2026,1,5,Poole Party,953.0,953.0,0.0,1.0,0
2026,1,6,Jeremy Lin fan club,1093.0,1093.0,0.0,1.0,0
2026,1,7,Goat's,1147.0,1147.0,0.0,1.0,0
2026,1,8,Hawk Tuah Demure,933.0,933.0,0.0,1.0,0
2026,1,9,ybgcorp,857.0,857.0,0.0,1.0,0
2026,1,10,Van Der Linde Gang,1361.0,1361.0,0.0,1.0,0
2026,2,1,YSK FC,1519.0,1519.0,0.0,1.0,0
2026,2,2,Phantom Troupe,1271.0,1271.0,0.0,1.0,0
2026,2,3,Kat's Kittens,1285.0,1285.0,0.0,1.0,0
2026,2,4,SKAVALASSKKYYYY,1255.0,1255.0,0.0,1.0,0
2026,2,5,Poole Party,1243.0,1243.0,0.0,1.0,0
2026,2,6,Jeremy Lin fan club,1548.0,1548.0,0.0,1.0,0
2026,2,7,Goat's,1339.0,1339.0,0.0,1.0,0
2026,2,8,Hawk Tuah Demure,1522.0,1522.0,0.0,1.0,0
2026,2,9,ybgcorp,1364.0,1364.0,0.0,1.0,0
2026,2,10,Van Der Linde Gang,1453.0,1453.0,0.0,1.0,0
2026,3,1,YSK FC,1733.0,1733.0,0.0,1.0,0
2026,3,2,Phantom Troupe,1293.0,1293.0,0.0,1.0,0
2026,3,3,Kat's Kittens,1374.0,1374.0,0.0,1.0,0
2026,3,4,SKAVALASSKKYYYY,1368.0,1368.0,0.0,1.0,0
2026,3,5,Poole Party,1217.0,1217.0,0.0,1.0,0
2026,3,6,Jeremy Lin fan club,1351.0,1351.0,0.0,1.0,0
2026,3,7,Goat's,1222.0,1222.0,0.0,1.0,0
2026,3,8,Hawk Tuah Demure,1675.0,1675.0,0.0,1.0,0
2026,3,9,ybgcorp,992.0,992.0,0.0,1.0,0
2026,3,10,Van Der Linde Gang,1246.0,1246.0,0.0,1.0,0
2026,4,1,YSK FC,1372.0,1372.0,0.0,1.0,0
2026,4,2,Phantom Troupe,1052.0,1052.0,0.0,1.0,0
2026,4,3,Kat's Kittens,1097.0,1097.0,0.0,1.0,0
2026,4,4,SKAVALASSKKYYYY,1555.0,1555.0,0.0,1.0,0
2026,4,5,Poole Party,1310.0,1310.0,0.0,1.0,0
2026,4,6,Jeremy Lin fan club,1361.0,1361.0,0.0,1.0,0
2026,4,7,Goat's,1303.0,1303.0,0.0,1.0,0
2026,4,8,Hawk Tuah Demure,1400.0,1400.0,0.0,1.0,0
2026,4,9,ybgcorp,1241.0,1241.0,0.0,1.0,0
2026,4,10,Van Der Linde Gang,1671.0,1671.0,0.0,1.0,0
2026,5,1,YSK FC,1329.0,1329.0,0.0,1.0,0
2026,5,2,Phantom Troupe,1263.0,1263.0,0.0,1.0,0
2026,5,3,Kat's Kittens,1085.0,1085.0,0.0,1.0,0
2026,5,4,SKAVALASSKKYYYY,1376.0,1376.0,0.0,1.0,0
2026,5,5,Poole Party,1157.0,1157.0,0.0,1.0,0
2026,5,6,Jeremy Lin fan club,1475.0,1475.0,0.0,1.0,0
2026,5,7,Goat's,1315.0,1315.0,0.0,1.0,0
2026,5,8,Hawk Tuah Demure,1490.0,1490.0,0.0,1.0,0
2026,5,9,ybgcorp,1451.0,1451.0,0.0,1.0,0
2026,5,10,Van Der Linde Gang,1403.0,1403.0,0.0,1.0,0
2026,6,1,YSK FC,1341.0,1341.0,0.0,1.0,0
2026,6,2,Phantom Troupe,1311.0,1311.0,0.0,1.0,0
2026,6,3,Kat's Kittens,1057.0,1057.0,0.0,1.0,0
2026,6,4,SKAVALASSKKYYYY,1423.0,1423.0,0.0,1.0,0
2026,6,5,Poole Party,1153.0,1153.0,0.0,1.0,0
2026,6,6,Jeremy Lin fan club,1250.0,1250.0,0.0,1.0,0
2026,6,7,Goat's,1152.0,1152.0,0.0,1.0,0
2026,6,8,Hawk Tuah Demure,1498.0,1498.0,0.0,1.0,0
2026,6,9,ybgcorp,1286.0,1286.0,0.0,1.0,0
2026,6,10,Van Der Linde Gang,1103.0,1103.0,0.0,1.0,0
2026,7,1,YSK FC,1365.0,1365.0,0.0,1.0,0
2026,7,2,Phantom Troupe,1085.0,1085.0,0.0,1.0,0
2026,7,3,Kat's Kittens,1387.0,1387.0,0.0,1.0,0
2026,7,4,SKAVALASSKKYYYY,1233.0,1233.0,0.0,1.0,0
2026,7,5,Poole Party,1201.0,1201.0,0.0,1.0,0
2026,7,6,Jeremy Lin fan club,1381.0,1381.0,0.0,1.0,0
2026,7,7,Goat's,1664.0,1664.0,0.0,1.0,0
2026,7,8,Hawk Tuah Demure,1787.0,1787.0,0.0,1.0,0
2026,7,9,ybgcorp,1255.0,1255.0,0.0,1.0,0
2026,7,10,Van Der Linde Gang,1260.0,1260.0,0.0,1.0,0
2026,8,1,YSK FC,807.0,807.0,0.0,1.0,0
2026,8,2,Phantom Troupe,788.0,788.0,0.0,1.0,0
2026,8,3,Kat's Kittens,850.0,850.0,0.0,1.0,0
2026,8,4,SKAVALASSKKYYYY,707.0,707.0,0.0,1.0,0
2026,8,5,Poole Party,671.0,671.0,0.0,1.0,0
2026,8,6,Jeremy Lin fan club,975.0,975.0,0.0,1.0,0
2026,8,7,Goat's,733.0,733.0,0.0,1.0,0
2026,8,8,Hawk Tuah Demure,1009.0,1009.0,0.0,1.0,0
2026,8,9,ybgcorp,811.0,811.0,0.0,1.0,0
2026,8,10,Van Der Linde Gang,656.0,656.0,0.0,1.0,0
2026,9,1,YSK FC,1410.0,1410.0,0.0,1.0,0
2026,9,2,Phantom Troupe,1193.0,1193.0,0.0,1.0,0
2026,9,3,Kat's Kittens,907.0,907.0,0.0,1.0,0
2026,9,4,SKAVALASSKKYYYY,1130.0,1130.0,0.0,1.0,0
2026,9,5,Poole Party,906.0,906.0,0.0,1.0,0
2026,9,6,Jeremy Lin fan club,1084.0,1084.0,0.0,1.0,0
2026,9,7,Goat's,1113.0,1113.0,0.0,1.0,0
2026,9,8,Hawk Tuah Demure,1122.0,1122.0,0.0,1.0,0
2026,9,9,ybgcorp,1080.0,1080.0,0.0,1.0,0
2026,9,10,Van Der Linde Gang,1255.0,1255.0,0.0,1.0,0
2026,10,1,YSK FC,1520.0,1520.0,0.0,1.0,0
2026,10,2,Phantom Troupe,1223.0,1223.0,0.0,1.0,0
2026,10,3,Kat's Kittens,1322.0,1322.0,0.0,1.0,0
2026,10,4,SKAVALASSKKYYYY,1387.0,1387.0,0.0,1.0,0
2026,10,5,Poole Party,1185.0,1185.0,0.0,1.0,0
2026,10,6,Jeremy Lin fan club,1168.0,1168.0,0.0,1.0,0
2026,10,7,Goat's,1334.0,1334.0,0.0,1.0,0
2026,10,8,Hawk Tuah Demure,1705.0,1705.0,0.0,1.0,0
2026,10,9,ybgcorp,1320.0,1320.0,0.0,1.0,0
2026,10,10,Van Der Linde Gang,1286.0,1286.0,0.0,1.0,0
2026,11,1,YSK FC,1581.0,1581.0,0.0,1.0,0
2026,11,2,Phantom Troupe,1419.0,1419.0,0.0,1.0,0
2026,11,3,Kat's Kittens,1347.0,1347.0,0.0,1.0,0
2026,11,4,SKAVALASSKKYYYY,1409.0,1409.0,0.0,1.0,0
2026,11,5,Poole Party,1602.0,1602.0,0.0,1.0,0
2026,11,6,Jeremy Lin fan club,1569.0,1569.0,0.0,1.0,0
2026,11,7,Goat's,1578.0,1578.0,0.0,1.0,0
2026,11,8,Hawk Tuah Demure,1564.0,1564.0,0.0,1.0,0
2026,11,9,ybgcorp,1614.0,1614.0,0.0,1.0,0
2026,11,10,Van Der Linde Gang,1447.0,1447.0,0.0,1.0,0
2026,12,1,YSK FC,1489.0,1489.0,0.0,1.0,0
2026,12,2,Phantom Troupe,1199.0,1199.0,0.0,1.0,0
2026,12,3,Kat's Kittens,1349.0,1349.0,0.0,1.0,0
2026,12,4,SKAVALASSKKYYYY,1405.0,1405.0,0.0,1.0,0
2026,12,5,Poole Party,1362.0,1362.0,0.0,1.0,0
2026,12,6,Jeremy Lin fan club,1693.0,1693.0,0.0,1.0,0
2026,12,7,Goat's,1496.0,1496.0,0.0,1.0,0
2026,12,8,Hawk Tuah Demure,1483.0,1483.0,0.0,1.0,0
2026,12,9,ybgcorp,1569.0,1569.0,0.0,1.0,0
2026,12,10,Van Der Linde Gang,1232.0,1232.0,0.0,1.0,0
2026,13,1,YSK FC,1396.0,1396.0,0.0,1.0,0
2026,13,2,Phantom Troupe,1217.0,1217.0,0.0,1.0,0
2026,13,3,Kat's Kittens,1362.0,1362.0,0.0,1.0,0
2026,13,4,SKAVALASSKKYYYY,1122.0,1122.0,0.0,1.0,0
2026,13,5,Poole Party,1178.0,1178.0,0.0,1.0,0
2026,13,6,Jeremy Lin fan club,1443.0,1443.0,0.0,1.0,0
2026,13,7,Goat's,1569.0,1569.0,0.0,1.0,0
2026,13,8,Hawk Tuah Demure,1374.0,1374.0,0.0,1.0,0
2026,13,9,ybgcorp,1170.0,1170.0,0.0,1.0,0
2026,13,10,Van Der Linde Gang,1080.0,1080.0,0.0,1.0,0
2026,14,1,YSK FC,1601.0,1601.0,0.0,1.0,0
2026,14,2,Phantom Troupe,1332.0,1332.0,0.0,1.0,0
2026,14,3,Kat's Kittens,1433.0,1433.0,0.0,1.0,0
2026,14,4,SKAVALASSKKYYYY,1562.0,1562.0,0.0,1.0,0
2026,14,5,Poole Party,1457.0,1457.0,0.0,1.0,0
2026,14,6,Jeremy Lin fan club,1109.0,1109.0,0.0,1.0,0
2026,14,7,Goat's,1504.0,1504.0,0.0,1.0,0
2026,14,8,Hawk Tuah Demure,1149.0,1149.0,0.0,1.0,0
2026,14,9,ybgcorp,1190.0,1190.0,0.0,1.0,0
2026,14,10,Van Der Linde Gang,1367.0,1367.0,0.0,1.0,0
2026,15,1,YSK FC,1489.0,1489.0,0.0,1.0,0
2026,15,2,Phantom Troupe,1720.0,1720.0,0.0,1.0,0
2026,15,3,Kat's Kittens,1622.0,1622.0,0.0,1.0,0
2026,15,4,SKAVALASSKKYYYY,1443.0,1443.0,0.0,1.0,0
2026,15,5,Poole Party,1338.0,1338.0,0.0,1.0,0
2026,15,6,Jeremy Lin fan club,1385.0,1385.0,0.0,1.0,0
2026,15,7,Goat's,1505.0,1505.0,0.0,1.0,0
2026,15,8,Hawk Tuah Demure,1258.0,1258.0,0.0,1.0,0
2026,15,9,ybgcorp,1800.0,1800.0,0.0,1.0,0
2026,15,10,Van Der Linde Gang,1287.0,1287.0,0.0,1.0,0
2026,16,1,YSK FC,1413.0,1413.0,0.0,1.0,0
2026,16,2,Phantom Troupe,1160.0,1160.0,0.0,1.0,0
2026,16,3,Kat's Kittens,1144.0,1144.0,0.0,1.0,0
2026,16,4,SKAVALASSKKYYYY,943.0,943.0,0.0,1.0,0
2026,16,5,Poole Party,947.0,947.0,0.0,1.0,0
2026,16,6,Jeremy Lin fan club,1120.0,1120.0,0.0,1.0,0
2026,16,7,Goat's,1260.0,1260.0,0.0,1.0,0
2026,16,8,Hawk Tuah Demure,1052.0,1052.0,0.0,1.0,0
2026,16,9,ybgcorp,1381.0,1381.0,0.0,1.0,0
2026,16,10,Van Der Linde Gang,1198.0,1198.0,0.0,1.0,0
2026,17,1,YSK FC,1395.0,1395.0,0.0,1.0,0
2026,17,2,Phantom Troupe,1670.0,1670.0,0.0,1.0,0
2026,17,3,Kat's Kittens,1792.0,1792.0,0.0,1.0,0
2026,17,4,SKAVALASSKKYYYY,1420.0,1420.0,0.0,1.0,0
2026,17,5,Poole Party,1285.0,1285.0,0.0,1.0,0
2026,17,6,Jeremy Lin fan club,1648.0,1648.0,0.0,1.0,0
2026,17,7,Goat's,1555.0,1555.0,0.0,1.0,0
2026,17,8,Hawk Tuah Demure,1612.0,1612.0,0.0,1.0,0
2026,17,9,ybgcorp,1767.0,1767.0,0.0,1.0,0
2026,17,10,Van Der Linde Gang,1179.0,1179.0,0.0,1.0,0
2026,18,1,YSK FC,1427.0,1427.0,0.0,1.0,0
2026,18,2,Phantom Troupe,1434.0,1434.0,0.0,1.0,0
2026,18,3,Kat's Kittens,1446.0,1446.0,0.0,1.0,0
2026,18,4,SKAVALASSKKYYYY,1110.0,1110.0,0.0,1.0,0
2026,18,5,Poole Party,1060.0,1060.0,0.0,1.0,0
2026,18,6,Jeremy Lin fan club,1176.0,1176.0,0.0,1.0,0
2026,18,7,Goat's,1340.0,1340.0,0.0,1.0,0
2026,18,8,Hawk Tuah Demure,1096.0,1096.0,0.0,1.0,0
2026,18,9,ybgcorp,1091.0,1091.0,0.0,1.0,0
2026,18,10,Van Der Linde Gang,1050.0,1050.0,0.0,1.0,0
2026,19,1,YSK FC,1013.0,1013.0,0.0,1.0,0
2026,19,2,Phantom Troupe,1104.0,1104.0,0.0,1.0,0
2026,19,3,Kat's Kittens,1337.0,1337.0,0.0,1.0,0
2026,19,4,SKAVALASSKKYYYY,1236.0,1236.0,0.0,1.0,0
2026,19,5,Poole Party,1278.0,1278.0,0.0,1.0,0
2026,19,6,Jeremy Lin fan club,1381.0,1381.0,0.0,1.0,0
2026,19,7,Goat's,1587.0,1587.0,0.0,1.0,0
2026,19,8,Hawk Tuah Demure,1212.0,1212.0,0.0,1.0,0
2026,19,9,ybgcorp,1135.0,1135.0,0.0,1.0,0
2026,19,10,Van Der Linde Gang,1391.0,1391.0,0.0,1.0,0
2026,20,1,YSK FC,1032.0,1032.0,0.0,1.0,0
2026,20,2,Phantom Troupe,1566.0,1566.0,0.0,1.0,0
2026,20,3,Kat's Kittens,1538.0,1538.0,0.0,1.0,0
2026,20,4,SKAVALASSKKYYYY,1353.0,1353.0,0.0,1.0,0
2026,20,5,Poole Party,1144.0,1144.0,0.0,1.0,0
2026,20,6,Jeremy Lin fan club,1137.0,1137.0,0.0,1.0,0
2026,20,7,Goat's,1478.0,1478.0,0.0,1.0,0
2026,20,8,Hawk Tuah Demure,1601.0,1601.0,0.0,1.0,0
2026,20,9,ybgcorp,1364.0,1364.0,0.0,1.0,0
2026,20,10,Van Der Linde Gang,1014.0,1014.0,0.0,1.0,0
2026,21,1,YSK FC,2819.0,2819.0,0.0,1.0,0
2026,21,2,Phantom Troupe,2740.0,2740.0,0.0,1.0,0
2026,21,3,Kat's Kittens,1246.0,1246.0,0.0,1.0,0
2026,21,4,SKAVALASSKKYYYY,3359.0,3359.0,0.0,1.0,0
2026,21,5,Poole Party,2052.0,2052.0,0.0,1.0,0
2026,21,6,Jeremy Lin fan club,2933.0,2933.0,0.0,1.0,0
2026,21,7,Goat's,2583.0,2583.0,0.0,1.0,0
2026,21,8,Hawk Tuah Demure,3067.0,3067.0,0.0,1.0,0
2026,21,9,ybgcorp,2438.0,2438.0,0.0,1.0,0
2026,21,10,Van Der Linde Gang,2467.0,2467.0,0.0,1.0,0
2026,22,1,YSK FC,2163.0,2163.0,0.0,1.0,0
2026,22,2,Phantom Troupe,2698.0,2698.0,0.0,1.0,0
2026,22,3,Kat's Kittens,1315.0,1315.0,0.0,1.0,0
2026,22,4,SKAVALASSKKYYYY,1974.0,1974.0,0.0,1.0,0
2026,22,5,Poole Party,1196.0,1196.0,0.0,1.0,0
2026,22,6,Jeremy Lin fan club,2763.0,2763.0,0.0,1.0,0
2026,22,7,Goat's,2148.0,2148.0,0.0,1.0,0
2026,22,8,Hawk Tuah Demure,2807.0,2807.0,0.0,1.0,0
2026,22,9,ybgcorp,1637.0,1637.0,0.0,1.0,0
2026,22,10,Van Der Linde Gang,2438.0,2438.0,0.0,1.0,0
